{
  "val": {
    "loss": 0.2301456997027764,
    "accuracy": 0.9583333333333334,
    "macro_f1": 0.9580640825484135,
    "balanced_accuracy": 0.9588649544324772,
    "roc_auc": 0.9747514498757249,
    "average_precision": 0.9661183316524345,
    "sensitivity": 0.9647887323943662,
    "specificity": 0.9529411764705882
  },
  "test": {
    "loss": 0.2603932910431654,
    "accuracy": 0.9423076923076923,
    "macro_f1": 0.9417693169092944,
    "balanced_accuracy": 0.9412593206296602,
    "roc_auc": 0.960625517812759,
    "average_precision": 0.9538070010636085,
    "sensitivity": 0.9295774647887324,
    "specificity": 0.9529411764705882
  },
  "labels": {
    "0": "glioma",
    "1": "meningioma"
  }
}